,Rank,Player,Name,Price,Link,TournamentIdx
0,1,Kageyama Hiroki,Red Deck Wins,96.0,https://mtgtop8.com/event?e=81001&d=815761&f=ST,0
1,2,Yoshiharu Shinozawa,Simic Aggro,1105.0,https://mtgtop8.com/event?e=81001&d=815762&f=ST,0
2,3,Tsuyuki Kouichi,Izzet Prowess,496.0,https://mtgtop8.com/event?e=81001&d=815764&f=ST,0
3,4,Kiyota Takeshi,Simic Nature's Rhythm,1113.0,https://mtgtop8.com/event?e=81001&d=815763&f=ST,0
4,5,Oka Yosuke,Dimir Aggro,457.0,https://mtgtop8.com/event?e=81001&d=815767&f=ST,0
5,6,Matsuhashi Shota,Dimir Aggro,338.0,https://mtgtop8.com/event?e=81001&d=815768&f=ST,0
6,7,Sugimoto Takashi,Grixis Aggro,868.0,https://mtgtop8.com/event?e=81001&d=815765&f=ST,0
7,8,Yuichiro Oga,Mono Green Landfall,641.0,https://mtgtop8.com/event?e=81001&d=815766&f=ST,0
8,1,Tyggz,Izzet Prowess,772.0,https://mtgtop8.com/event?e=80950&d=815434&f=ST,1
9,2,Marcelineorion,4/5C Control,706.0,https://mtgtop8.com/event?e=80950&d=815435&f=ST,1
10,3,Matt Engelbart,Mono Green Landfall,682.0,https://mtgtop8.com/event?e=80950&d=815436&f=ST,1
11,4,Carl Cantrell,Mono Green Landfall,711.0,https://mtgtop8.com/event?e=80950&d=815437&f=ST,1
12,5,Harper Wilson,Boros Dragons,685.0,https://mtgtop8.com/event?e=80950&d=815438&f=ST,1
13,6,Scottie Taylor,Izzet Lesson,644.0,https://mtgtop8.com/event?e=80950&d=815441&f=ST,1
14,7,Jake Slupecki,Red Deck Wins,230.0,https://mtgtop8.com/event?e=80950&d=815440&f=ST,1
15,8,Nathan Johnson,UW Control,750.0,https://mtgtop8.com/event?e=80950&d=815439&f=ST,1
16,9,Jonathan Lacker,4c Elementals,864.0,https://mtgtop8.com/event?e=80950&d=815442&f=ST,1
17,10,Michael Buckley,Dimir Aggro,398.0,https://mtgtop8.com/event?e=80950&d=815446&f=ST,1
18,11,Andrew Tao,Izzet Lesson,645.0,https://mtgtop8.com/event?e=80950&d=815445&f=ST,1
19,12,Matthewzekas,Jeskai Control,595.0,https://mtgtop8.com/event?e=80950&d=815443&f=ST,1
20,13,Skylar Liekhus,Rakdos Monument,486.0,https://mtgtop8.com/event?e=80950&d=815449&f=ST,1
21,14,Kevin Caruso,Simic Nature's Rhythm,1077.0,https://mtgtop8.com/event?e=80950&d=815444&f=ST,1
22,15,Ramennoodlerz,Superior Doomsday ,617.0,https://mtgtop8.com/event?e=80950&d=815447&f=ST,1
23,16,Jonathan Rubin,Superior Doomsday ,629.0,https://mtgtop8.com/event?e=80950&d=815448&f=ST,1
24,1,Jeffrey Kruchkow,Temur Full Bore Harmonizer,387.0,https://mtgtop8.com/event?e=80949&d=815402&f=ST,2
25,2,Flesheatingnome,4/5C Control,660.0,https://mtgtop8.com/event?e=80949&d=815403&f=ST,2
26,3,Drewjhowells,Mono Green Landfall,631.0,https://mtgtop8.com/event?e=80949&d=815405&f=ST,2
27,4,Kenoa06,Temur Aggro,1171.0,https://mtgtop8.com/event?e=80949&d=815404&f=ST,2
28,5,Alexander Lim,Bant Airbending,875.0,https://mtgtop8.com/event?e=80949&d=815408&f=ST,2
29,6,Kaleb Weir,Red Deck Wins,235.0,https://mtgtop8.com/event?e=80949&d=815406&f=ST,2
30,7,Will Broer,Red Deck Wins,224.0,https://mtgtop8.com/event?e=80949&d=815407&f=ST,2
31,8,Sweetpotato,Roaming Elementals,1002.0,https://mtgtop8.com/event?e=80949&d=815409&f=ST,2
32,9,Pieter Tubergen,Izzet Lesson,529.0,https://mtgtop8.com/event?e=80949&d=815410&f=ST,2
33,10,Josh Glantzman,Izzet Lesson,633.0,https://mtgtop8.com/event?e=80949&d=815411&f=ST,2
34,11,Raymond Kao,Izzet Lesson,594.0,https://mtgtop8.com/event?e=80949&d=815412&f=ST,2
35,12,Jake Coenen,Izzet Lesson,604.0,https://mtgtop8.com/event?e=80949&d=815413&f=ST,2
36,13,Alex Gimmi,Izzet Lesson,713.0,https://mtgtop8.com/event?e=80949&d=815415&f=ST,2
37,14,Josh Good,Izzet Prowess,477.0,https://mtgtop8.com/event?e=80949&d=815414&f=ST,2
38,15,Henryknuth,Roaming Elementals,897.0,https://mtgtop8.com/event?e=80949&d=815416&f=ST,2
39,16,Tess Boswell,Temur Full Bore Harmonizer,476.0,https://mtgtop8.com/event?e=80949&d=815417&f=ST,2
40,17,Dannym,Azorius Aggro,649.0,https://mtgtop8.com/event?e=80949&d=815425&f=ST,2
41,18,Charlesfish,Azorius Aggro,606.0,https://mtgtop8.com/event?e=80949&d=815428&f=ST,2
42,19,Samzin,Dimir Aggro,704.0,https://mtgtop8.com/event?e=80949&d=815422&f=ST,2
43,20,Gerrick Alford,Izzet Lesson,531.0,https://mtgtop8.com/event?e=80949&d=815427&f=ST,2
44,21,Maverick Finn,Izzet Lesson,573.0,https://mtgtop8.com/event?e=80949&d=815429&f=ST,2
45,22,Violet,Izzet Lesson,582.0,https://mtgtop8.com/event?e=80949&d=815431&f=ST,2
46,23,Brian Feria,Mono Green Aggro,629.0,https://mtgtop8.com/event?e=80949&d=815424&f=ST,2
47,24,Caz Rodriguez,Mono Green Landfall,663.0,https://mtgtop8.com/event?e=80949&d=815419&f=ST,2
48,25,Randompurple06,Red Deck Wins,229.0,https://mtgtop8.com/event?e=80949&d=815433&f=ST,2
49,26,Dan Schriever,Simic Aggro,690.0,https://mtgtop8.com/event?e=80949&d=815418&f=ST,2
50,27,Chiefd420,Simic Nature's Rhythm,1081.0,https://mtgtop8.com/event?e=80949&d=815426&f=ST,2
51,28,Joseph Gearlds,Superior Doomsday ,740.0,https://mtgtop8.com/event?e=80949&d=815420&f=ST,2
52,29,Ramonphyrexianpr,Superior Reanimator,971.0,https://mtgtop8.com/event?e=80949&d=815423&f=ST,2
53,30,Matthew Takahashi,Temur Full Bore Harmonizer,436.0,https://mtgtop8.com/event?e=80949&d=815430&f=ST,2
54,31,Benjamin Taylor,Temur Full Bore Harmonizer,426.0,https://mtgtop8.com/event?e=80949&d=815432&f=ST,2
55,32,Nazar Tash,UW Control,621.0,https://mtgtop8.com/event?e=80949&d=815421&f=ST,2
56,1,Duhchosennoodle,Dimir Control,613.0,https://mtgtop8.com/event?e=80908&d=815073&f=ST,3
57,2,Jackson Kirkland,Roaming Elementals,1046.0,https://mtgtop8.com/event?e=80908&d=815074&f=ST,3
58,3,Michael Martin,4/5C Control,614.0,https://mtgtop8.com/event?e=80908&d=815076&f=ST,3
59,4,Marcras,Mono Green Aggro,570.0,https://mtgtop8.com/event?e=80908&d=815075&f=ST,3
60,5,Mirra Berglund,Azorius Aggro,753.0,https://mtgtop8.com/event?e=80908&d=815080&f=ST,3
61,6,Mark Samuelson,Bant Airbending,801.0,https://mtgtop8.com/event?e=80908&d=815078&f=ST,3
62,7,Ryan Young,Jund Aggro Resonance,472.0,https://mtgtop8.com/event?e=80908&d=815079&f=ST,3
63,8,Sweetpotato,Roaming Elementals,924.0,https://mtgtop8.com/event?e=80908&d=815077&f=ST,3
64,1,Jatuh,Izzet Spellementals,344.0,https://mtgtop8.com/event?e=80907&d=815057&f=ST,4
65,2,Andrew Tenjum,Mono Green Landfall,626.0,https://mtgtop8.com/event?e=80907&d=815058&f=ST,4
66,3,Steven Williams,Izzet Spellementals,317.0,https://mtgtop8.com/event?e=80907&d=815060&f=ST,4
67,4,Neil Mcisaac,Mono Green Landfall,634.0,https://mtgtop8.com/event?e=80907&d=815059&f=ST,4
68,5,Jeff Schultz,Dimir Aggro,448.0,https://mtgtop8.com/event?e=80907&d=815062&f=ST,4
69,6,Violet,Izzet Lesson,582.0,https://mtgtop8.com/event?e=80907&d=815061&f=ST,4
70,7,Conner Hursh,Simic Nature's Rhythm,1075.0,https://mtgtop8.com/event?e=80907&d=815064&f=ST,4
71,8,Spencer Warburton,Temur Full Bore Harmonizer,444.0,https://mtgtop8.com/event?e=80907&d=815063&f=ST,4
72,9,Jaffer,Dimir Aggro,652.0,https://mtgtop8.com/event?e=80907&d=815068&f=ST,4
73,10,Michael Rodriguez,Dimir Control,528.0,https://mtgtop8.com/event?e=80907&d=815070&f=ST,4
74,11,Rikzilla,Gruul Landfall,362.0,https://mtgtop8.com/event?e=80907&d=815065&f=ST,4
75,12,Sam Feeley,Izzet Lesson,464.0,https://mtgtop8.com/event?e=80907&d=815066&f=ST,4
76,13,Russell Wilson,Izzet Lesson,576.0,https://mtgtop8.com/event?e=80907&d=815069&f=ST,4
77,14,Lcloonen,Selesnya Aggro,403.0,https://mtgtop8.com/event?e=80907&d=815072&f=ST,4
78,15,Louis Salerno,Simic Nature's Rhythm,1062.0,https://mtgtop8.com/event?e=80907&d=815067&f=ST,4
79,16,Mora Steudel,Temur Full Bore Harmonizer,375.0,https://mtgtop8.com/event?e=80907&d=815071&f=ST,4
80,1,Agnaldo Dos Santos Teixeira Junior Gnarr,Mono Green Landfall,644.0,https://mtgtop8.com/event?e=80862&d=814708&f=ST,5
81,2,Lucasbrunelli,Roaming Elementals,926.0,https://mtgtop8.com/event?e=80862&d=814709&f=ST,5
82,3,Leandroborges82,Gruul Aggro,595.0,https://mtgtop8.com/event?e=80862&d=814710&f=ST,5
83,4,Alfredo Obregón,UW Control,660.0,https://mtgtop8.com/event?e=80862&d=814711&f=ST,5
84,5,Xandre_borges_,Dimir Aggro,461.0,https://mtgtop8.com/event?e=80862&d=814712&f=ST,5
85,6,Marcio_marchiori,Izzet Prowess,463.0,https://mtgtop8.com/event?e=80862&d=814714&f=ST,5
86,7,Carlaqueiroz,Red Deck Wins,235.0,https://mtgtop8.com/event?e=80862&d=814713&f=ST,5
87,8,Felipe Jacob,Superior Doomsday ,642.0,https://mtgtop8.com/event?e=80862&d=814715&f=ST,5
88,1,Neilsonzhang,Dimir Aggro,682.0,https://mtgtop8.com/event?e=80828&d=814429&f=ST,6
89,2,January,Mono Green Landfall,669.0,https://mtgtop8.com/event?e=80828&d=814430&f=ST,6
90,3,David Schnayer,4c Elementals,933.0,https://mtgtop8.com/event?e=80828&d=814432&f=ST,6
91,4,Zoza,Mono Green Landfall,700.0,https://mtgtop8.com/event?e=80828&d=814431&f=ST,6
92,5,Flamestrata,Azorius Aggro,689.0,https://mtgtop8.com/event?e=80828&d=814434&f=ST,6
93,6,Elliethepurple,Jeskai Control,855.0,https://mtgtop8.com/event?e=80828&d=814435&f=ST,6
94,7,Elliot Fortier,Mono Green Landfall,625.0,https://mtgtop8.com/event?e=80828&d=814433&f=ST,6
95,8,Matthew Stefans,Mono Green Landfall,660.0,https://mtgtop8.com/event?e=80828&d=814436&f=ST,6
96,9,Nam Dang,Izzet Lesson,615.0,https://mtgtop8.com/event?e=80828&d=814437&f=ST,6
97,10,Andrew Kidston,Izzet Lesson,615.0,https://mtgtop8.com/event?e=80828&d=814440&f=ST,6
98,11,Kyle Gellert,Izzet Lesson,656.0,https://mtgtop8.com/event?e=80828&d=814442&f=ST,6
99,12,Asha Mills Emmett,Izzet Prowess,483.0,https://mtgtop8.com/event?e=80828&d=814439&f=ST,6
100,13,Mason Wong,Izzet Spellementals,350.0,https://mtgtop8.com/event?e=80828&d=814441&f=ST,6
101,14,Kevin Anctil,Mono Green Landfall,681.0,https://mtgtop8.com/event?e=80828&d=814443&f=ST,6
102,15,Andrea Smith,Mono Green Landfall,625.0,https://mtgtop8.com/event?e=80828&d=814444&f=ST,6
103,16,Joshua Saruga,Red Deck Wins,331.0,https://mtgtop8.com/event?e=80828&d=814438&f=ST,6
104,17,Kasey Fanara,Boros Aggro,774.0,https://mtgtop8.com/event?e=80828&d=814448&f=ST,6
105,18,Alexandre Livernoche,Boros Aggro,664.0,https://mtgtop8.com/event?e=80828&d=814452&f=ST,6
106,19,Alyssa Oatridge,Boros Aggro,723.0,https://mtgtop8.com/event?e=80828&d=814453&f=ST,6
107,20,Xiao Yu (roy) Yang,Dimir Aggro,548.0,https://mtgtop8.com/event?e=80828&d=814445&f=ST,6
108,21,Farrell Pujokusumo,Dimir Control,700.0,https://mtgtop8.com/event?e=80828&d=814455&f=ST,6
109,22,Steven Fiebelkorn,Izzet Prowess,464.0,https://mtgtop8.com/event?e=80828&d=814446&f=ST,6
110,23,Anthony Lee,Izzet Prowess,455.0,https://mtgtop8.com/event?e=80828&d=814449&f=ST,6
111,24,Brian Bonnell,Izzet Spellementals,505.0,https://mtgtop8.com/event?e=80828&d=814450&f=ST,6
112,25,James Lloyd,Izzet Spellementals,348.0,https://mtgtop8.com/event?e=80828&d=814451&f=ST,6
113,26,Roberto Cibrian Stockbridge,Izzet Spellementals,326.0,https://mtgtop8.com/event?e=80828&d=814457&f=ST,6
114,27,Sarah England,Red Deck Wins,315.0,https://mtgtop8.com/event?e=80828&d=814460&f=ST,6
115,28,Noel Robin,Roaming Elementals,897.0,https://mtgtop8.com/event?e=80828&d=814447&f=ST,6
116,29,Winnie Bowser,Simic Nature's Rhythm,1077.0,https://mtgtop8.com/event?e=80828&d=814459&f=ST,6
117,30,Phillip Hurst,Superior Doomsday ,504.0,https://mtgtop8.com/event?e=80828&d=814456&f=ST,6
118,31,Luca Cherpillod,Superior Reanimator,816.0,https://mtgtop8.com/event?e=80828&d=814454&f=ST,6
119,32,Chris Yao,Temur Full Bore Harmonizer,433.0,https://mtgtop8.com/event?e=80828&d=814458&f=ST,6
120,1,Will Krueger,Izzet Lesson,615.0,https://mtgtop8.com/event?e=80827&d=814365&f=ST,7
121,2,Elijah Herr,Simic Nature's Rhythm,1078.0,https://mtgtop8.com/event?e=80827&d=814366&f=ST,7
122,3,Tyson Roylance,Bant Airbending,873.0,https://mtgtop8.com/event?e=80827&d=814367&f=ST,7
123,4,Moomkes,Temur Aggro,1004.0,https://mtgtop8.com/event?e=80827&d=814368&f=ST,7
124,5,Maxx Kominowski,Izzet Lesson,713.0,https://mtgtop8.com/event?e=80827&d=814369&f=ST,7
125,6,John Wager,Izzet Spellementals,328.0,https://mtgtop8.com/event?e=80827&d=814370&f=ST,7
126,7,Jason Reid,Izzet Spellementals,315.0,https://mtgtop8.com/event?e=80827&d=814371&f=ST,7
127,8,Philip Silberman,Mono Green Landfall,628.0,https://mtgtop8.com/event?e=80827&d=814372&f=ST,7
128,9,Jonathan Stange,Boros Aggro,666.0,https://mtgtop8.com/event?e=80827&d=814380&f=ST,7
129,10,Haven Gilbert-avila,Dimir Aggro,683.0,https://mtgtop8.com/event?e=80827&d=814379&f=ST,7
130,11,Prez Kuhnke,Izzet Lesson,576.0,https://mtgtop8.com/event?e=80827&d=814374&f=ST,7
131,12,Jack Yudt,Izzet Lesson,713.0,https://mtgtop8.com/event?e=80827&d=814377&f=ST,7
132,13,Gavin Meagher,Izzet Prowess,507.0,https://mtgtop8.com/event?e=80827&d=814378&f=ST,7
133,14,Neil Estrada,Mono Green Aggro,633.0,https://mtgtop8.com/event?e=80827&d=814376&f=ST,7
134,15,Terryedwards,Mono Green Landfall,687.0,https://mtgtop8.com/event?e=80827&d=814375&f=ST,7
135,16,Ryan Normandin,Superior Doomsday ,780.0,https://mtgtop8.com/event?e=80827&d=814373&f=ST,7
136,17,Austin Walker,Azorius Aggro,697.0,https://mtgtop8.com/event?e=80827&d=814395&f=ST,7
137,18,Omri Khaykovich,Izzet Lesson,622.0,https://mtgtop8.com/event?e=80827&d=814381&f=ST,7
138,19,Kevink1,Izzet Lesson,716.0,https://mtgtop8.com/event?e=80827&d=814390&f=ST,7
139,20,Mae French,Izzet Lesson,591.0,https://mtgtop8.com/event?e=80827&d=814391&f=ST,7
140,21,Zach Flynn,Izzet Lesson,484.0,https://mtgtop8.com/event?e=80827&d=814392&f=ST,7
141,22,Robert Wagner Krankel,Izzet Prowess,559.0,https://mtgtop8.com/event?e=80827&d=814383&f=ST,7
142,23,Amir Momin,Izzet Prowess,479.0,https://mtgtop8.com/event?e=80827&d=814386&f=ST,7
143,24,Evan Higgins,Izzet Spellementals,350.0,https://mtgtop8.com/event?e=80827&d=814382&f=ST,7
144,25,Gavin Perry,Mono Green Landfall,585.0,https://mtgtop8.com/event?e=80827&d=814384&f=ST,7
145,26,Allen Norman,Mono Green Landfall,649.0,https://mtgtop8.com/event?e=80827&d=814385&f=ST,7
146,27,Vasilios Morikis,Mono Green Landfall,636.0,https://mtgtop8.com/event?e=80827&d=814387&f=ST,7
147,28,Matt Xu,Mono Green Landfall,651.0,https://mtgtop8.com/event?e=80827&d=814388&f=ST,7
148,29,Tyler Steinwand,Roaming Elementals,914.0,https://mtgtop8.com/event?e=80827&d=814393&f=ST,7
149,30,Richard Nealston,Roaming Elementals,911.0,https://mtgtop8.com/event?e=80827&d=814394&f=ST,7
150,31,Boshnroll_brian,Simic Nature's Rhythm,1081.0,https://mtgtop8.com/event?e=80827&d=814389&f=ST,7
151,32,Michael Debenedetto-plummer,Superior Doomsday ,728.0,https://mtgtop8.com/event?e=80827&d=814396&f=ST,7
152,33,Rohit Golconda,Azorius Aggro,662.0,https://mtgtop8.com/event?e=80827&d=814401&f=ST,7
153,34,Jahmed13,Azorius Aggro,662.0,https://mtgtop8.com/event?e=80827&d=814414&f=ST,7
154,35,Zevin Faust,Azorius Aggro,747.0,https://mtgtop8.com/event?e=80827&d=814415&f=ST,7
155,36,Wentong Zhang,Boros Aggro,708.0,https://mtgtop8.com/event?e=80827&d=814398&f=ST,7
156,37,Chris Danis,Dimir Aggro,472.0,https://mtgtop8.com/event?e=80827&d=814400&f=ST,7
157,38,Joshua Willis,Izzet Lesson,548.0,https://mtgtop8.com/event?e=80827&d=814407&f=ST,7
158,39,Ronan Casey,Izzet Lesson,592.0,https://mtgtop8.com/event?e=80827&d=814416&f=ST,7
159,40,Wallace69,Izzet Lesson,642.0,https://mtgtop8.com/event?e=80827&d=814427&f=ST,7
160,41,Elle Ashby,Izzet Prowess,460.0,https://mtgtop8.com/event?e=80827&d=814405&f=ST,7
161,42,Mike Gallichet,Izzet Prowess,477.0,https://mtgtop8.com/event?e=80827&d=814408&f=ST,7
162,43,Jdt01381,Izzet Prowess,463.0,https://mtgtop8.com/event?e=80827&d=814419&f=ST,7
163,44,Matthew Bond,Izzet Prowess,684.0,https://mtgtop8.com/event?e=80827&d=814422&f=ST,7
164,45,Ryan Overturf,Izzet Prowess,464.0,https://mtgtop8.com/event?e=80827&d=814423&f=ST,7
165,46,Angus Johnson,Izzet Spellementals,318.0,https://mtgtop8.com/event?e=80827&d=814402&f=ST,7
166,47,Awaynee1337,Izzet Spellementals,325.0,https://mtgtop8.com/event?e=80827&d=814426&f=ST,7
167,48,Sam Bogue,Mono Green Landfall,657.0,https://mtgtop8.com/event?e=80827&d=814397&f=ST,7
168,49,Darkonekosuke,Mono Green Landfall,612.0,https://mtgtop8.com/event?e=80827&d=814409&f=ST,7
169,50,Ted Loewenthal,Mono Green Landfall,668.0,https://mtgtop8.com/event?e=80827&d=814411&f=ST,7
170,51,Dana Fischer,Mono Green Landfall,644.0,https://mtgtop8.com/event?e=80827&d=814418&f=ST,7
171,52,Sabastian Daniels,Roaming Elementals,889.0,https://mtgtop8.com/event?e=80827&d=814421&f=ST,7
172,53,Alan Hubbard,Simic Nature's Rhythm,1107.0,https://mtgtop8.com/event?e=80827&d=814399&f=ST,7
173,54,Joseph Puglisi,Simic Nature's Rhythm,998.0,https://mtgtop8.com/event?e=80827&d=814403&f=ST,7
174,55,Grayson Nemets,Simic Nature's Rhythm,1136.0,https://mtgtop8.com/event?e=80827&d=814404&f=ST,7
175,56,Joseph Nunez,Simic Nature's Rhythm,1077.0,https://mtgtop8.com/event?e=80827&d=814406&f=ST,7
176,57,Nathan Goldberg,Simic Nature's Rhythm,1069.0,https://mtgtop8.com/event?e=80827&d=814424&f=ST,7
177,58,Devon Straub,Superior Doomsday ,787.0,https://mtgtop8.com/event?e=80827&d=814412&f=ST,7
178,59,Evan Vetter,Superior Doomsday ,558.0,https://mtgtop8.com/event?e=80827&d=814413&f=ST,7
179,60,Sergeykr,Superior Reanimator,905.0,https://mtgtop8.com/event?e=80827&d=814425&f=ST,7
180,61,Alex Wells,Temur Full Bore Harmonizer,475.0,https://mtgtop8.com/event?e=80827&d=814410&f=ST,7
181,62,Charlie Dusterberg,Temur Full Bore Harmonizer,501.0,https://mtgtop8.com/event?e=80827&d=814417&f=ST,7
182,63,Bruxx,Temur Full Bore Harmonizer,359.0,https://mtgtop8.com/event?e=80827&d=814428&f=ST,7
183,64,Christopher Henderson,UW Control,621.0,https://mtgtop8.com/event?e=80827&d=814420&f=ST,7
184,1,Marcelo Rodrigues Cavalcante,Dimir Aggro,546.0,https://mtgtop8.com/event?e=80826&d=814349&f=ST,8
185,2,Dcwasabi,UR Aggro,680.0,https://mtgtop8.com/event?e=80826&d=814350&f=ST,8
186,3,Leo Lahonen,Izzet Lesson,730.0,https://mtgtop8.com/event?e=80826&d=814351&f=ST,8
187,4,Davor Detecnik,UR Aggro,483.0,https://mtgtop8.com/event?e=80826&d=814352&f=ST,8
188,5,Jeff Lin,Izzet Lesson,441.0,https://mtgtop8.com/event?e=80826&d=814353&f=ST,8
189,6,Martos,Izzet Lesson,648.0,https://mtgtop8.com/event?e=80826&d=814355&f=ST,8
190,7,Andrew Cuneo,Mono Green Landfall,667.0,https://mtgtop8.com/event?e=80826&d=814354&f=ST,8
191,8,Mike Sigrist,Simic Nature's Rhythm,1058.0,https://mtgtop8.com/event?e=80826&d=814356&f=ST,8
192,9,Shawn Doherty,4c Elementals,975.0,https://mtgtop8.com/event?e=80826&d=814357&f=ST,8
193,10,Brandon Kohrs,Esper Aggro,595.0,https://mtgtop8.com/event?e=80826&d=814361&f=ST,8
194,11,Dylan Pratt,Izzet Lesson,537.0,https://mtgtop8.com/event?e=80826&d=814358&f=ST,8
195,12,Arne Huschenbeth,Izzet Lesson,725.0,https://mtgtop8.com/event?e=80826&d=814359&f=ST,8
196,13,Ac11ben24355,Izzet Spellementals,344.0,https://mtgtop8.com/event?e=80826&d=814364&f=ST,8
197,14,David Ĺstrand,Mono Green Aggro,679.0,https://mtgtop8.com/event?e=80826&d=814363&f=ST,8
198,15,Matthew Wright,Simic Nature's Rhythm,1099.0,https://mtgtop8.com/event?e=80826&d=814360&f=ST,8
199,16,Christoffer Larsen,Superior Doomsday ,656.0,https://mtgtop8.com/event?e=80826&d=814362&f=ST,8
200,1,Camerontalbot,Red Deck Wins,229.0,https://mtgtop8.com/event?e=80808&d=814209&f=ST,9
201,2,Obscurity,UR Aggro,523.0,https://mtgtop8.com/event?e=80808&d=814210&f=ST,9
202,3,Eli Swafford,Mono Green Aggro,621.0,https://mtgtop8.com/event?e=80808&d=814211&f=ST,9
203,4,Michael Nolan,Temur Full Bore Harmonizer,712.0,https://mtgtop8.com/event?e=80808&d=814212&f=ST,9
204,5,Mirra Berglund,Azorius Aggro,753.0,https://mtgtop8.com/event?e=80808&d=814214&f=ST,9
205,6,Raynor Kuang,Dimir Control,662.0,https://mtgtop8.com/event?e=80808&d=814216&f=ST,9
206,7,Harry Coleman,Selesnya Aggro,706.0,https://mtgtop8.com/event?e=80808&d=814213&f=ST,9
207,8,Thatonenativeguy,Temur Battlecrier,946.0,https://mtgtop8.com/event?e=80808&d=814215&f=ST,9
208,1,Trystan Alexander,Roaming Elementals,1037.0,https://mtgtop8.com/event?e=80798&d=814122&f=ST,10
209,2,Drewjhowells,Mono Green Landfall,631.0,https://mtgtop8.com/event?e=80798&d=814123&f=ST,10
210,3,Luke Barton,Boros Aggro,459.0,https://mtgtop8.com/event?e=80798&d=814125&f=ST,10
211,4,Anand Kinra,Superior Doomsday ,560.0,https://mtgtop8.com/event?e=80798&d=814124&f=ST,10
212,5,Kevin Thanakit,Dimir Aggro,542.0,https://mtgtop8.com/event?e=80798&d=814126&f=ST,10
213,6,Maxx Paustian,Mono Green Landfall,667.0,https://mtgtop8.com/event?e=80798&d=814127&f=ST,10
214,7,Austin Brush,Superior Doomsday ,842.0,https://mtgtop8.com/event?e=80798&d=814128&f=ST,10
215,8,John Aloi,Temur Battlecrier,505.0,https://mtgtop8.com/event?e=80798&d=814129&f=ST,10
216,1,Nolan Chaney,Azorius Aggro,643.0,https://mtgtop8.com/event?e=80799&d=814130&f=ST,11
217,2,Andrewbergen,Roaming Elementals,928.0,https://mtgtop8.com/event?e=80799&d=814131&f=ST,11
218,3,Chris Weissmann,Dimir Aggro,501.0,https://mtgtop8.com/event?e=80799&d=814133&f=ST,11
219,4,John Wager,Izzet Spellementals,555.0,https://mtgtop8.com/event?e=80799&d=814132&f=ST,11
220,5,Sean Murdoch,Jeskai Control,605.0,https://mtgtop8.com/event?e=80799&d=814137&f=ST,11
221,6,Theadambomb053,Red Deck Wins,410.0,https://mtgtop8.com/event?e=80799&d=814135&f=ST,11
222,7,Kris Hamann,Simic Nature's Rhythm,1066.0,https://mtgtop8.com/event?e=80799&d=814136&f=ST,11
223,8,Obscurity,UR Aggro,523.0,https://mtgtop8.com/event?e=80799&d=814134&f=ST,11
224,1,Tyler Rebhahn,Superior Doomsday ,622.0,https://mtgtop8.com/event?e=80800&d=814138&f=ST,12
225,2,James Newman,Simic Nature's Rhythm,1065.0,https://mtgtop8.com/event?e=80800&d=814139&f=ST,12
226,3,Matt Rosenbloom,Dimir Aggro,644.0,https://mtgtop8.com/event?e=80800&d=814141&f=ST,12
227,4,James Spinelli,Izzet Spellementals,345.0,https://mtgtop8.com/event?e=80800&d=814140&f=ST,12
228,5,Reneeblack12,Bant Airbending,887.0,https://mtgtop8.com/event?e=80800&d=814142&f=ST,12
229,6,Nlothame,Boros Aggro,658.0,https://mtgtop8.com/event?e=80800&d=814145&f=ST,12
230,7,Sylvie Sibila,Superior Doomsday ,739.0,https://mtgtop8.com/event?e=80800&d=814143&f=ST,12
231,8,Josh Czopek,Superior Doomsday ,689.0,https://mtgtop8.com/event?e=80800&d=814144&f=ST,12
232,1,Nathaniela,Superior Doomsday ,753.0,https://mtgtop8.com/event?e=80796&d=814098&f=ST,13
233,2,Daniel Lebben,Mono Green Landfall,653.0,https://mtgtop8.com/event?e=80796&d=814099&f=ST,13
234,3,Noah Burns,Mono Green Landfall,628.0,https://mtgtop8.com/event?e=80796&d=814101&f=ST,13
235,4,Alex Poulosky,Red Deck Wins,235.0,https://mtgtop8.com/event?e=80796&d=814100&f=ST,13
236,5,Romulus731,Boros Aggro,322.0,https://mtgtop8.com/event?e=80796&d=814105&f=ST,13
237,6,Caleb Mears,Dimir Aggro,463.0,https://mtgtop8.com/event?e=80796&d=814102&f=ST,13
238,7,M4v3n,Gruul Aggro,617.0,https://mtgtop8.com/event?e=80796&d=814103&f=ST,13
239,8,Josh Moscoe,Temur Full Bore Harmonizer,502.0,https://mtgtop8.com/event?e=80796&d=814104&f=ST,13
240,1,Kevin Kingsley,Izzet Spellementals,313.0,https://mtgtop8.com/event?e=80805&d=814178&f=ST,14
241,2,Acairns,Gruul Aggro,300.0,https://mtgtop8.com/event?e=80805&d=814179&f=ST,14
242,3,Cbrower,Boros Aggro,690.0,https://mtgtop8.com/event?e=80805&d=814181&f=ST,14
243,4,Weem0,Rakdos Monument,487.0,https://mtgtop8.com/event?e=80805&d=814180&f=ST,14
244,5,Treepowers,Boros Aggro,679.0,https://mtgtop8.com/event?e=80805&d=814184&f=ST,14
245,6,Lorenzo Rivas,Mono Black Control,253.0,https://mtgtop8.com/event?e=80805&d=814182&f=ST,14
246,7,Cormac_manahan,Mono Green Landfall,651.0,https://mtgtop8.com/event?e=80805&d=814183&f=ST,14
247,1,Andrew Robinson,Red Deck Wins,230.0,https://mtgtop8.com/event?e=80793&d=814066&f=ST,15
248,2,Luce Sedania,Azorius Aggro,668.0,https://mtgtop8.com/event?e=80793&d=814067&f=ST,15
249,3,Skylar Pastor,Izzet Lesson,495.0,https://mtgtop8.com/event?e=80793&d=814068&f=ST,15
250,4,Charles Pierce,Izzet Prowess,862.0,https://mtgtop8.com/event?e=80793&d=814069&f=ST,15
251,5,Rssp1,Azorius Aggro,662.0,https://mtgtop8.com/event?e=80793&d=814071&f=ST,15
252,6,Mike Dionesotes,Izzet Spellementals,315.0,https://mtgtop8.com/event?e=80793&d=814070&f=ST,15
253,7,Andrew Tenjum,Mono Green Landfall,656.0,https://mtgtop8.com/event?e=80793&d=814072&f=ST,15
254,8,Daniel Genova,Simic Nature's Rhythm,1104.0,https://mtgtop8.com/event?e=80793&d=814073&f=ST,15
255,9,Xander Naumenko,Azorius Aggro,668.0,https://mtgtop8.com/event?e=80793&d=814076&f=ST,15
256,10,Alex Purdy,Izzet Lesson,547.0,https://mtgtop8.com/event?e=80793&d=814079&f=ST,15
257,11,Pattiemurr,Izzet Lesson,585.0,https://mtgtop8.com/event?e=80793&d=814081&f=ST,15
258,12,Teemoney,Jeskai Aggro,769.0,https://mtgtop8.com/event?e=80793&d=814080&f=ST,15
259,13,Mitch Sachs,Mono Green Aggro,390.0,https://mtgtop8.com/event?e=80793&d=814075&f=ST,15
260,14,Matthew Glick,Roaming Elementals,938.0,https://mtgtop8.com/event?e=80793&d=814077&f=ST,15
261,15,Conner Hursh,Simic Nature's Rhythm,1075.0,https://mtgtop8.com/event?e=80793&d=814074&f=ST,15
262,16,Ophelia Silva,Temur Full Bore Harmonizer,434.0,https://mtgtop8.com/event?e=80793&d=814078&f=ST,15
263,1,Samuel Braatz,Gruul Aggro,627.0,https://mtgtop8.com/event?e=80795&d=814090&f=ST,16
264,2,Sergeykr,Superior Reanimator,905.0,https://mtgtop8.com/event?e=80795&d=814091&f=ST,16
265,3,Raymond Menkov,Izzet Lesson,486.0,https://mtgtop8.com/event?e=80795&d=814093&f=ST,16
266,4,Christopher Henderson,UW Control,621.0,https://mtgtop8.com/event?e=80795&d=814092&f=ST,16
267,5,Ian Thorne,Izzet Lesson,583.0,https://mtgtop8.com/event?e=80795&d=814094&f=ST,16
268,6,Evan Heritage,Izzet Lesson,633.0,https://mtgtop8.com/event?e=80795&d=814096&f=ST,16
269,7,Violet,Izzet Lesson,582.0,https://mtgtop8.com/event?e=80795&d=814097&f=ST,16
270,8,Jesse Aguirre,Temur Full Bore Harmonizer,492.0,https://mtgtop8.com/event?e=80795&d=814095&f=ST,16
271,1,Quintin Myers,Simic Nature's Rhythm,1095.0,https://mtgtop8.com/event?e=80801&d=814146&f=ST,17
272,2,Alexander Beebe,Temur Full Bore Harmonizer,348.0,https://mtgtop8.com/event?e=80801&d=814147&f=ST,17
273,3,Ethan Kolby,Izzet Lesson,549.0,https://mtgtop8.com/event?e=80801&d=814149&f=ST,17
274,4,Jacob Franz,Red Deck Wins,182.0,https://mtgtop8.com/event?e=80801&d=814148&f=ST,17
275,5,Jack Cramer,Boros Aggro,619.0,https://mtgtop8.com/event?e=80801&d=814151&f=ST,17
276,6,Majicmiranda,Dimir Aggro,438.0,https://mtgtop8.com/event?e=80801&d=814150&f=ST,17
277,7,Kevin Thomas,Orzhov Control,475.0,https://mtgtop8.com/event?e=80801&d=814152&f=ST,17
278,8,Camkan,Simic Nature's Rhythm,1081.0,https://mtgtop8.com/event?e=80801&d=814153&f=ST,17
279,1,Justin Christensen,Azorius Aggro,693.0,https://mtgtop8.com/event?e=80794&d=814082&f=ST,18
280,2,Loganhesch,Bant Airbending,784.0,https://mtgtop8.com/event?e=80794&d=814083&f=ST,18
281,3,Vaughn Weirens,Mono Green Aggro,623.0,https://mtgtop8.com/event?e=80794&d=814085&f=ST,18
282,4,Lime360jr,Temur Full Bore,415.0,https://mtgtop8.com/event?e=80794&d=814084&f=ST,18
283,5,Cole Weinstein,Izzet Control,310.0,https://mtgtop8.com/event?e=80794&d=814086&f=ST,18
284,6,Trystan Alexander,Roaming Elementals,1037.0,https://mtgtop8.com/event?e=80794&d=814087&f=ST,18
285,7,Matthew Richter,Roaming Elementals,898.0,https://mtgtop8.com/event?e=80794&d=814089&f=ST,18
286,8,Mike Gallichet,UR Aggro,460.0,https://mtgtop8.com/event?e=80794&d=814088&f=ST,18
287,1,Brian Feria,Mono Green Aggro,629.0,https://mtgtop8.com/event?e=80803&d=814162&f=ST,19
288,2,Michael Paluta,Mono Green Landfall,627.0,https://mtgtop8.com/event?e=80803&d=814163&f=ST,19
289,3,Dustin Thompson,Dimir Aggro,587.0,https://mtgtop8.com/event?e=80803&d=814164&f=ST,19
290,4,Zach Boblitt,Izzet Lesson,725.0,https://mtgtop8.com/event?e=80803&d=814165&f=ST,19
291,5,Rafael Marin,Izzet Lesson,642.0,https://mtgtop8.com/event?e=80803&d=814167&f=ST,19
292,6,Evan Vetter,Superior Doomsday ,558.0,https://mtgtop8.com/event?e=80803&d=814168&f=ST,19
293,7,Jacob Ginsparg,Temur Full Bore Harmonizer,503.0,https://mtgtop8.com/event?e=80803&d=814166&f=ST,19
294,8,Gladstone210,UR Aggro,463.0,https://mtgtop8.com/event?e=80803&d=814169&f=ST,19
295,1,Gabriel Balannik,Izzet Lesson,633.0,https://mtgtop8.com/event?e=80797&d=814106&f=ST,20
296,2,Gunner Sledgeski,Rakdos Monument,503.0,https://mtgtop8.com/event?e=80797&d=814107&f=ST,20
297,3,Mae French,Izzet Lesson,591.0,https://mtgtop8.com/event?e=80797&d=814108&f=ST,20
298,4,Zachary Kidd,Mono Green Landfall,633.0,https://mtgtop8.com/event?e=80797&d=814109&f=ST,20
299,5,Jordan Selesnick,Dimir Aggro,587.0,https://mtgtop8.com/event?e=80797&d=814111&f=ST,20
300,6,Michael Moore,Dimir Aggro,680.0,https://mtgtop8.com/event?e=80797&d=814113&f=ST,20
301,7,Sean Zhou,Mono Green Landfall,632.0,https://mtgtop8.com/event?e=80797&d=814112&f=ST,20
302,8,Braeden Bierman,Rakdos Monument,496.0,https://mtgtop8.com/event?e=80797&d=814110&f=ST,20
303,9,L Anselmi,Azorius Aggro,683.0,https://mtgtop8.com/event?e=80797&d=814119&f=ST,20
304,10,Jim Morrison,Izzet Lesson,606.0,https://mtgtop8.com/event?e=80797&d=814117&f=ST,20
305,11,Bailey Montressor,Izzet Lesson,582.0,https://mtgtop8.com/event?e=80797&d=814121&f=ST,20
306,12,Kevin Kingsley,Izzet Spellementals,314.0,https://mtgtop8.com/event?e=80797&d=814116&f=ST,20
307,13,Brandon Williams,Izzet Spellementals,330.0,https://mtgtop8.com/event?e=80797&d=814118&f=ST,20
308,14,Alex Poulosky,Red Deck Wins,235.0,https://mtgtop8.com/event?e=80797&d=814115&f=ST,20
309,15,Rhfre,Superior Doomsday ,646.0,https://mtgtop8.com/event?e=80797&d=814114&f=ST,20
310,16,Tyler Rebhahn,Superior Doomsday ,622.0,https://mtgtop8.com/event?e=80797&d=814120&f=ST,20
311,1,Josh Glantzman,Izzet Lesson,633.0,https://mtgtop8.com/event?e=80802&d=814154&f=ST,21
312,2,Luke Vankleek,Mono Green Landfall,699.0,https://mtgtop8.com/event?e=80802&d=814155&f=ST,21
313,3,Justin Blackburn,Dimir Aggro,537.0,https://mtgtop8.com/event?e=80802&d=814157&f=ST,21
314,4,Izaak Van Til,UR Aggro,591.0,https://mtgtop8.com/event?e=80802&d=814156&f=ST,21
315,5,Pottelee,Azorius Aggro,651.0,https://mtgtop8.com/event?e=80802&d=814159&f=ST,21
316,6,Charlie Drevecky,Red Deck Wins,229.0,https://mtgtop8.com/event?e=80802&d=814158&f=ST,21
317,7,Brett Eischens,Simic Nature's Rhythm,1065.0,https://mtgtop8.com/event?e=80802&d=814161&f=ST,21
318,8,Devon Straub,Superior Doomsday ,762.0,https://mtgtop8.com/event?e=80802&d=814160&f=ST,21
319,1,Cheech2k10,Mono Green Aggro,574.0,https://mtgtop8.com/event?e=80804&d=814170&f=ST,22
320,2,Justin Martinez,Izzet Lesson,658.0,https://mtgtop8.com/event?e=80804&d=814171&f=ST,22
321,3,Jackisch,Dimir Aggro,579.0,https://mtgtop8.com/event?e=80804&d=814172&f=ST,22
322,4,Kai Nankoe,Mono Green Landfall,641.0,https://mtgtop8.com/event?e=80804&d=814173&f=ST,22
323,5,Connor Mackenzie,Izzet Lesson,592.0,https://mtgtop8.com/event?e=80804&d=814176&f=ST,22
324,6,Alex Gimmi,Izzet Lesson,694.0,https://mtgtop8.com/event?e=80804&d=814177&f=ST,22
325,7,Bryu1,Jeskai Aggro,543.0,https://mtgtop8.com/event?e=80804&d=814174&f=ST,22
326,8,David Tian,Mono Green Landfall,633.0,https://mtgtop8.com/event?e=80804&d=814175&f=ST,22
327,1,David Koon,Mono Green Landfall,636.0,https://mtgtop8.com/event?e=80806&d=814185&f=ST,23
328,2,Ivan Espinosa,Bant Airbending,686.0,https://mtgtop8.com/event?e=80806&d=814186&f=ST,23
329,3,Njkong,Azorius Aggro,684.0,https://mtgtop8.com/event?e=80806&d=814188&f=ST,23
330,4,Zach Spors,UR Aggro,477.0,https://mtgtop8.com/event?e=80806&d=814187&f=ST,23
331,5,Haven Gilbert-avila,Dimir Aggro,683.0,https://mtgtop8.com/event?e=80806&d=814189&f=ST,23
332,6,Taidhg Tajalli,Red Deck Wins,238.0,https://mtgtop8.com/event?e=80806&d=814192&f=ST,23
333,7,Bradley Schlesinger,Roaming Elementals,910.0,https://mtgtop8.com/event?e=80806&d=814190&f=ST,23
334,8,Vinnie Fino,Roaming Elementals,851.0,https://mtgtop8.com/event?e=80806&d=814191&f=ST,23
335,1,Jakob Pablo,Izzet Lesson,643.0,https://mtgtop8.com/event?e=80807&d=814193&f=ST,24
336,2,Matthew Westwood,Rakdos Monument,482.0,https://mtgtop8.com/event?e=80807&d=814194&f=ST,24
337,3,Theepepe,Mono Green Landfall,662.0,https://mtgtop8.com/event?e=80807&d=814195&f=ST,24
338,4,Philip Silberman,Mono Green Landfall,625.0,https://mtgtop8.com/event?e=80807&d=814196&f=ST,24
339,5,Rssp1,Azorius Aggro,662.0,https://mtgtop8.com/event?e=80807&d=814199&f=ST,24
340,6,Henryknuth,Roaming Elementals,898.0,https://mtgtop8.com/event?e=80807&d=814198&f=ST,24
341,7,Oliver Voegeli,Superior Doomsday ,721.0,https://mtgtop8.com/event?e=80807&d=814197&f=ST,24
342,8,Gavin Meagher,UR Aggro,507.0,https://mtgtop8.com/event?e=80807&d=814200&f=ST,24
343,9,Jack Cramer,Boros Aggro,619.0,https://mtgtop8.com/event?e=80807&d=814204&f=ST,24
344,10,Michael ? Rodriguez,Dimir Control,529.0,https://mtgtop8.com/event?e=80807&d=814205&f=ST,24
345,11,Ryan Slone,Izzet Lesson,658.0,https://mtgtop8.com/event?e=80807&d=814203&f=ST,24
346,12,Sam Peagler,Izzet Lesson,673.0,https://mtgtop8.com/event?e=80807&d=814208&f=ST,24
347,13,Daniel Lebben,Mono Green Landfall,642.0,https://mtgtop8.com/event?e=80807&d=814201&f=ST,24
348,14,Kisalami,Mono Green Landfall,637.0,https://mtgtop8.com/event?e=80807&d=814206&f=ST,24
349,15,Brent Cohen,Rakdos Aggro,746.0,https://mtgtop8.com/event?e=80807&d=814207&f=ST,24
350,16,Tess Boswell,Temur Full Bore Harmonizer,476.0,https://mtgtop8.com/event?e=80807&d=814202&f=ST,24
351,1,Joao Quege,Boros Aggro,658.0,https://mtgtop8.com/event?e=80514&d=812011&f=ST,25
352,2,Isael Feitosa,Mono Green Landfall,644.0,https://mtgtop8.com/event?e=80514&d=812012&f=ST,25
353,3,Rodrigo Pinheiro,Azorius Aggro,666.0,https://mtgtop8.com/event?e=80514&d=812013&f=ST,25
354,4,Borreguinhas,Mono Green Landfall,687.0,https://mtgtop8.com/event?e=80514&d=812014&f=ST,25
355,5,Carlos Torrico,Dimir Aggro,565.0,https://mtgtop8.com/event?e=80514&d=812017&f=ST,25
356,6,Adriano Melo,Izzet Lesson,745.0,https://mtgtop8.com/event?e=80514&d=812018&f=ST,25
357,7,Guillermololi,Mono Green Landfall,700.0,https://mtgtop8.com/event?e=80514&d=812016&f=ST,25
358,8,Victor Santos Esquici,Superior Doomsday ,642.0,https://mtgtop8.com/event?e=80514&d=812015&f=ST,25
359,9,Thiago Saporito,Dimir Aggro,446.0,https://mtgtop8.com/event?e=80514&d=812024&f=ST,25
360,10,Patricio Roman,Izzet Lesson,624.0,https://mtgtop8.com/event?e=80514&d=812020&f=ST,25
361,11,Guilherme Vinicius Fragoso De Souza Guivini06,Izzet Spellementals,325.0,https://mtgtop8.com/event?e=80514&d=812026&f=ST,25
362,12,Siiu911,Mono Green Aggro,678.0,https://mtgtop8.com/event?e=80514&d=812023&f=ST,25
363,13,Luis Navas Flores,Red Deck Wins,215.0,https://mtgtop8.com/event?e=80514&d=812022&f=ST,25
364,14,Lucas Fernandes,Simic Nature's Rhythm,1004.0,https://mtgtop8.com/event?e=80514&d=812025&f=ST,25
365,15,Rastaf,Superior Doomsday ,643.0,https://mtgtop8.com/event?e=80514&d=812019&f=ST,25
366,16,Ariranhasx,Superior Doomsday ,651.0,https://mtgtop8.com/event?e=80514&d=812021&f=ST,25
367,17,Mario Palma,4c Roaming Elementals,1010.0,https://mtgtop8.com/event?e=80514&d=812033&f=ST,25
368,18,Guiyote,Azorius Aggro,675.0,https://mtgtop8.com/event?e=80514&d=812027&f=ST,25
369,19,Emanuel Sutter,Azorius Aggro,729.0,https://mtgtop8.com/event?e=80514&d=812034&f=ST,25
370,20,Jorge Aguirre,Azorius Aggro,665.0,https://mtgtop8.com/event?e=80514&d=812039&f=ST,25
371,21,Marco Figueroa,Boros Aggro,639.0,https://mtgtop8.com/event?e=80514&d=812029&f=ST,25
372,22,Marcelo Rodrigues Cavalcante,Dimir Aggro,546.0,https://mtgtop8.com/event?e=80514&d=812030&f=ST,25
373,23,Camilo Nińo,Dimir Aggro,574.0,https://mtgtop8.com/event?e=80514&d=812036&f=ST,25
374,24,Jhohan Mauricio Herrera Molina,Dimir Aggro,434.0,https://mtgtop8.com/event?e=80514&d=812041&f=ST,25
375,25,Martin Dominguez,Gruul Aggro,304.0,https://mtgtop8.com/event?e=80514&d=812032&f=ST,25
376,26,Andres Vásquez,Gruul Aggro,598.0,https://mtgtop8.com/event?e=80514&d=812038&f=ST,25
377,27,Marcos Paredes,Mono Green Landfall,654.0,https://mtgtop8.com/event?e=80514&d=812037&f=ST,25
378,28,Everton Julian Silva Goulart,Rakdos Aggro,501.0,https://mtgtop8.com/event?e=80514&d=812028&f=ST,25
379,29,Sebastián Silva,Simic Nature's Rhythm,1025.0,https://mtgtop8.com/event?e=80514&d=812040&f=ST,25
380,30,Ralc,Superior Doomsday ,559.0,https://mtgtop8.com/event?e=80514&d=812031&f=ST,25
381,31,Gabrielf,Superior Doomsday ,559.0,https://mtgtop8.com/event?e=80514&d=812035&f=ST,25
382,32,Ariel Cicchitti,Superior Doomsday ,615.0,https://mtgtop8.com/event?e=80514&d=812042&f=ST,25
383,1,Antonio Paone,4c Elementals,927.0,https://mtgtop8.com/event?e=80087&d=808784&f=ST,26
384,2,Francesco Alacca,Simic Ouroboroid,1170.0,https://mtgtop8.com/event?e=80087&d=808785&f=ST,26
385,3,Edoardo Lamonaca,Dimir Excruciator,636.0,https://mtgtop8.com/event?e=80087&d=808786&f=ST,26
386,4,Nicola Panza,Dimir Excruciator,639.0,https://mtgtop8.com/event?e=80087&d=808787&f=ST,26
387,5,Federico Berti,Azorius Tempo,552.0,https://mtgtop8.com/event?e=80087&d=808791&f=ST,26
388,6,Matteo Lavore,Dimir Midrange,469.0,https://mtgtop8.com/event?e=80087&d=808789&f=ST,26
389,7,Lorenzo Cislaghi,Izzet Looting,637.0,https://mtgtop8.com/event?e=80087&d=808790&f=ST,26
390,8,Samuele Colombo,Jeskai Control,750.0,https://mtgtop8.com/event?e=80087&d=808788&f=ST,26
391,1,Valkyrie Wescott,Spanish Demon Trap,586.0,https://mtgtop8.com/event?e=81287&d=817789&f=ST,27
392,2,Devon O’donnell,Izzet Spellementals,459.0,https://mtgtop8.com/event?e=81287&d=817790&f=ST,27
393,3,Sam Bogue,Izzet Lesson,509.0,https://mtgtop8.com/event?e=81287&d=817791&f=ST,27
394,4,Tom Strong,Ur Lessons,649.0,https://mtgtop8.com/event?e=81287&d=817792&f=ST,27
395,5,James Fabrini,Izzet Lessons,592.0,https://mtgtop8.com/event?e=81287&d=817796&f=ST,27
396,6,Joshua Pasternick,Izzet Spellementals,414.0,https://mtgtop8.com/event?e=81287&d=817794&f=ST,27
397,7,Matthew Smith,Turtle,577.0,https://mtgtop8.com/event?e=81287&d=817795&f=ST,27
398,8,Kai Nankae,Ub,663.0,https://mtgtop8.com/event?e=81287&d=817793&f=ST,27
399,1,Diego Quintero,Izzet Elementals,373.0,https://mtgtop8.com/event?e=79818&d=806640&f=ST,28
400,2,Gerardo Malpartida,Dimir Midrange,453.0,https://mtgtop8.com/event?e=79818&d=806641&f=ST,28
401,3,Sebastian Moncada,Izzet Otters,586.0,https://mtgtop8.com/event?e=79818&d=806642&f=ST,28
402,4,Albert Loaiza,Jund Demos,373.0,https://mtgtop8.com/event?e=79818&d=806643&f=ST,28
403,5,Sebastian Blanco,Azorius Control,612.0,https://mtgtop8.com/event?e=79818&d=806644&f=ST,28
404,6,Felipe Polania,Boros Aggro,282.0,https://mtgtop8.com/event?e=79818&d=806646&f=ST,28
405,7,Andres Oviedo,Izzet Monument,601.0,https://mtgtop8.com/event?e=79818&d=806647&f=ST,28
406,8,Juan Jose Romero,Sultai,753.0,https://mtgtop8.com/event?e=79818&d=806645&f=ST,28
